condition,condition_id,family,noise_id,noise_label,pos_std_mm,ori_std_deg,task,n_success,n_rollouts,success_rate,track_pos_cm,tracking_metric_type,track_ori_deg,track_total,tracking_count,tracking_complete,tracking_workspace_filter,tracking_source,tracking_rollouts_per_task,tracking_unavailable_reason
rgbd+GP,gp,point,n0,0mm,0.0,0.0,one_leg,32,36,0.8888888888888888,1.6234371879281513,position,,,41,True,"{'bounds_m': [[0.0, 0.5], [-0.55, 0.55], [0.415, 0.815]], 'coordinate_frame': 'sim_local_m', 'excluded_outside_workspace_count': 5, 'final_segment_count': 51, 'included_segment_count': 46, 'missing_or_invalid_target_count': 0}",saved_rollouts_8,8,
rgbd+GP,gp,point,shuffle,shuffled-guidance,0.0,0.0,one_leg,29,36,0.8055555555555556,22.23060935230147,position,,,206,False,,full_evaluator_36_pre_workspace_filter,36,workspace filtering unavailable
rgbd+GP,gp,point,n1,3mm,3.0,0.0,one_leg,35,36,0.9722222222222222,2.1194581611564662,position,,,39,True,"{'bounds_m': [[0.0, 0.5], [-0.55, 0.55], [0.415, 0.815]], 'coordinate_frame': 'sim_local_m', 'excluded_outside_workspace_count': 5, 'final_segment_count': 48, 'included_segment_count': 43, 'missing_or_invalid_target_count': 0}",saved_rollouts_8,8,
rgbd+GP,gp,point,n2,6mm,6.0,0.0,one_leg,29,36,0.8055555555555556,1.790824358412084,position,,,43,True,"{'bounds_m': [[0.0, 0.5], [-0.55, 0.55], [0.415, 0.815]], 'coordinate_frame': 'sim_local_m', 'excluded_outside_workspace_count': 5, 'final_segment_count': 48, 'included_segment_count': 43, 'missing_or_invalid_target_count': 0}",saved_rollouts_8,8,
rgbd+GP,gp,point,n3,12mm,12.0,0.0,one_leg,28,36,0.7777777777777778,2.6324695122636843,position,,,38,True,"{'bounds_m': [[0.0, 0.5], [-0.55, 0.55], [0.415, 0.815]], 'coordinate_frame': 'sim_local_m', 'excluded_outside_workspace_count': 8, 'final_segment_count': 46, 'included_segment_count': 38, 'missing_or_invalid_target_count': 0}",saved_rollouts_8,8,
rgbd+GP,gp,point,n4,24mm,24.0,0.0,one_leg,32,36,0.8888888888888888,3.9345004908396675,position,,,36,True,"{'bounds_m': [[0.0, 0.5], [-0.55, 0.55], [0.415, 0.815]], 'coordinate_frame': 'sim_local_m', 'excluded_outside_workspace_count': 12, 'final_segment_count': 50, 'included_segment_count': 38, 'missing_or_invalid_target_count': 0}",saved_rollouts_8,8,
rgbd+colored GP,colored_gp,point,n0,0mm,0.0,0.0,one_leg,31,36,0.8611111111111112,2.302523322628381,position,,,38,True,"{'bounds_m': [[0.0, 0.5], [-0.55, 0.55], [0.415, 0.815]], 'coordinate_frame': 'sim_local_m', 'excluded_outside_workspace_count': 5, 'final_segment_count': 44, 'included_segment_count': 39, 'missing_or_invalid_target_count': 0}",saved_rollouts_8,8,
rgbd+colored GP,colored_gp,point,shuffle,shuffled-guidance,0.0,0.0,one_leg,29,36,0.8055555555555556,23.581456987027476,position,,,201,False,,full_evaluator_36_pre_workspace_filter,36,workspace filtering unavailable
rgbd+colored GP,colored_gp,point,n1,3mm,3.0,0.0,one_leg,31,36,0.8611111111111112,2.6973145808384524,position,,,35,True,"{'bounds_m': [[0.0, 0.5], [-0.55, 0.55], [0.415, 0.815]], 'coordinate_frame': 'sim_local_m', 'excluded_outside_workspace_count': 4, 'final_segment_count': 40, 'included_segment_count': 36, 'missing_or_invalid_target_count': 0}",saved_rollouts_8,8,
rgbd+colored GP,colored_gp,point,n2,6mm,6.0,0.0,one_leg,30,36,0.8333333333333334,2.3841048530972806,position,,,38,True,"{'bounds_m': [[0.0, 0.5], [-0.55, 0.55], [0.415, 0.815]], 'coordinate_frame': 'sim_local_m', 'excluded_outside_workspace_count': 5, 'final_segment_count': 44, 'included_segment_count': 39, 'missing_or_invalid_target_count': 0}",saved_rollouts_8,8,
rgbd+colored GP,colored_gp,point,n3,12mm,12.0,0.0,one_leg,32,36,0.8888888888888888,2.493706156324951,position,,,40,True,"{'bounds_m': [[0.0, 0.5], [-0.55, 0.55], [0.415, 0.815]], 'coordinate_frame': 'sim_local_m', 'excluded_outside_workspace_count': 7, 'final_segment_count': 60, 'included_segment_count': 53, 'missing_or_invalid_target_count': 0}",saved_rollouts_8,8,
rgbd+colored GP,colored_gp,point,n4,24mm,24.0,0.0,one_leg,31,36,0.8611111111111112,4.72958952423402,position,,,30,True,"{'bounds_m': [[0.0, 0.5], [-0.55, 0.55], [0.415, 0.815]], 'coordinate_frame': 'sim_local_m', 'excluded_outside_workspace_count': 9, 'final_segment_count': 39, 'included_segment_count': 30, 'missing_or_invalid_target_count': 0}",saved_rollouts_8,8,
rgbd+GP+skill,gp_skill,point,n0,0mm,0.0,0.0,one_leg,30,36,0.8333333333333334,1.965234979915526,position,,,38,True,"{'bounds_m': [[0.0, 0.5], [-0.55, 0.55], [0.415, 0.815]], 'coordinate_frame': 'sim_local_m', 'excluded_outside_workspace_count': 4, 'final_segment_count': 47, 'included_segment_count': 43, 'missing_or_invalid_target_count': 0}",saved_rollouts_8,8,
rgbd+GP+skill,gp_skill,point,shuffle,shuffled-guidance,0.0,0.0,one_leg,32,36,0.8888888888888888,22.69582749316076,position,,,204,False,,full_evaluator_36_pre_workspace_filter,36,workspace filtering unavailable
rgbd+GP+skill,gp_skill,point,n1,3mm,3.0,0.0,one_leg,33,36,0.9166666666666666,1.6710802682648165,position,,,43,True,"{'bounds_m': [[0.0, 0.5], [-0.55, 0.55], [0.415, 0.815]], 'coordinate_frame': 'sim_local_m', 'excluded_outside_workspace_count': 5, 'final_segment_count': 52, 'included_segment_count': 47, 'missing_or_invalid_target_count': 0}",saved_rollouts_8,8,
rgbd+GP+skill,gp_skill,point,n2,6mm,6.0,0.0,one_leg,32,36,0.8888888888888888,1.9745228878711951,position,,,39,True,"{'bounds_m': [[0.0, 0.5], [-0.55, 0.55], [0.415, 0.815]], 'coordinate_frame': 'sim_local_m', 'excluded_outside_workspace_count': 5, 'final_segment_count': 46, 'included_segment_count': 41, 'missing_or_invalid_target_count': 0}",saved_rollouts_8,8,
rgbd+GP+skill,gp_skill,point,n3,12mm,12.0,0.0,one_leg,33,36,0.9166666666666666,3.278393006854783,position,,,38,True,"{'bounds_m': [[0.0, 0.5], [-0.55, 0.55], [0.415, 0.815]], 'coordinate_frame': 'sim_local_m', 'excluded_outside_workspace_count': 6, 'final_segment_count': 47, 'included_segment_count': 41, 'missing_or_invalid_target_count': 0}",saved_rollouts_8,8,
rgbd+GP+skill,gp_skill,point,n4,24mm,24.0,0.0,one_leg,26,36,0.7222222222222222,4.360561393011026,position,,,33,True,"{'bounds_m': [[0.0, 0.5], [-0.55, 0.55], [0.415, 0.815]], 'coordinate_frame': 'sim_local_m', 'excluded_outside_workspace_count': 12, 'final_segment_count': 49, 'included_segment_count': 37, 'missing_or_invalid_target_count': 0}",saved_rollouts_8,8,
rgbd+grasp-part,grasp_part,grasp-part,n0,0mm/0deg,0.0,0.0,one_leg,27,36,0.75,2.2535784995395938,pose,14.718009266559706,5.197180352851532,39,True,"{'bounds_m': [[0.0, 0.5], [-0.55, 0.55], [0.415, 0.815]], 'coordinate_frame': 'sim_local_m', 'excluded_outside_workspace_count': 5, 'final_segment_count': 48, 'included_segment_count': 43, 'missing_or_invalid_target_count': 0}",saved_rollouts_8,8,
rgbd+grasp-part,grasp_part,grasp-part,shuffle,shuffled-guidance,0.0,0.0,one_leg,27,36,0.75,22.741217502649263,pose,70.19092395366731,36.779402293382724,195,False,,full_evaluator_36_pre_workspace_filter,36,workspace filtering unavailable
rgbd+grasp-part,grasp_part,grasp-part,n1,3mm/2.5deg,3.0,2.5,one_leg,34,36,0.9444444444444444,1.731428330934393,pose,12.398005594537489,4.211029449841891,43,True,"{'bounds_m': [[0.0, 0.5], [-0.55, 0.55], [0.415, 0.815]], 'coordinate_frame': 'sim_local_m', 'excluded_outside_workspace_count': 5, 'final_segment_count': 48, 'included_segment_count': 43, 'missing_or_invalid_target_count': 0}",saved_rollouts_8,8,
rgbd+grasp-part,grasp_part,grasp-part,n2,6mm/5deg,6.0,5.0,one_leg,29,36,0.8055555555555556,2.570227151499314,pose,17.762147889430356,6.122656729385385,38,True,"{'bounds_m': [[0.0, 0.5], [-0.55, 0.55], [0.415, 0.815]], 'coordinate_frame': 'sim_local_m', 'excluded_outside_workspace_count': 5, 'final_segment_count': 44, 'included_segment_count': 39, 'missing_or_invalid_target_count': 0}",saved_rollouts_8,8,
rgbd+grasp-part,grasp_part,grasp-part,n3,12mm/10deg,12.0,10.0,one_leg,32,36,0.8888888888888888,3.9065924160821774,pose,20.80106084672566,8.06680458542731,35,True,"{'bounds_m': [[0.0, 0.5], [-0.55, 0.55], [0.415, 0.815]], 'coordinate_frame': 'sim_local_m', 'excluded_outside_workspace_count': 8, 'final_segment_count': 45, 'included_segment_count': 37, 'missing_or_invalid_target_count': 0}",saved_rollouts_8,8,
rgbd+grasp-part,grasp_part,grasp-part,n4,24mm/20deg,24.0,20.0,one_leg,30,36,0.8333333333333334,4.311900603518588,pose,34.06253952523323,11.124408508565232,35,True,"{'bounds_m': [[0.0, 0.5], [-0.55, 0.55], [0.415, 0.815]], 'coordinate_frame': 'sim_local_m', 'excluded_outside_workspace_count': 13, 'final_segment_count': 50, 'included_segment_count': 37, 'missing_or_invalid_target_count': 0}",saved_rollouts_8,8,
rgbd+grasp-part-colored,grasp_part_colored,grasp-part,n0,0mm/0deg,0.0,0.0,one_leg,32,36,0.8888888888888888,2.1185378113510853,pose,12.729837010880862,4.6645052135272564,37,True,"{'bounds_m': [[0.0, 0.5], [-0.55, 0.55], [0.415, 0.815]], 'coordinate_frame': 'sim_local_m', 'excluded_outside_workspace_count': 5, 'final_segment_count': 45, 'included_segment_count': 40, 'missing_or_invalid_target_count': 0}",saved_rollouts_8,8,
rgbd+grasp-part-colored,grasp_part_colored,grasp-part,shuffle,shuffled-guidance,0.0,0.0,one_leg,33,36,0.9166666666666666,22.87541032362685,pose,72.65786110991453,37.40698254560976,208,False,,full_evaluator_36_pre_workspace_filter,36,workspace filtering unavailable
rgbd+grasp-part-colored,grasp_part_colored,grasp-part,n1,3mm/2.5deg,3.0,2.5,one_leg,30,36,0.8333333333333334,2.027744974296487,pose,14.626708042508703,4.9530865827982264,41,True,"{'bounds_m': [[0.0, 0.5], [-0.55, 0.55], [0.415, 0.815]], 'coordinate_frame': 'sim_local_m', 'excluded_outside_workspace_count': 5, 'final_segment_count': 46, 'included_segment_count': 41, 'missing_or_invalid_target_count': 0}",saved_rollouts_8,8,
rgbd+grasp-part-colored,grasp_part_colored,grasp-part,n2,6mm/5deg,6.0,5.0,one_leg,31,36,0.8611111111111112,2.6594669916217275,pose,17.234312150292578,6.106329421680244,38,True,"{'bounds_m': [[0.0, 0.5], [-0.55, 0.55], [0.415, 0.815]], 'coordinate_frame': 'sim_local_m', 'excluded_outside_workspace_count': 4, 'final_segment_count': 43, 'included_segment_count': 39, 'missing_or_invalid_target_count': 0}",saved_rollouts_8,8,
rgbd+grasp-part-colored,grasp_part_colored,grasp-part,n3,12mm/10deg,12.0,10.0,one_leg,29,36,0.8055555555555556,3.42406151433781,pose,18.198190321601498,7.063699578658108,37,True,"{'bounds_m': [[0.0, 0.5], [-0.55, 0.55], [0.415, 0.815]], 'coordinate_frame': 'sim_local_m', 'excluded_outside_workspace_count': 8, 'final_segment_count': 47, 'included_segment_count': 39, 'missing_or_invalid_target_count': 0}",saved_rollouts_8,8,
rgbd+grasp-part-colored,grasp_part_colored,grasp-part,n4,24mm/20deg,24.0,20.0,one_leg,34,36,0.9444444444444444,4.217683066864239,pose,34.92702438619038,11.203087944102316,34,True,"{'bounds_m': [[0.0, 0.5], [-0.55, 0.55], [0.415, 0.815]], 'coordinate_frame': 'sim_local_m', 'excluded_outside_workspace_count': 12, 'final_segment_count': 50, 'included_segment_count': 38, 'missing_or_invalid_target_count': 0}",saved_rollouts_8,8,
rgbd+GP,gp,point,n0,0mm,0.0,0.0,round_table,10,36,0.2777777777777778,3.325371262901548,position,,,53,True,"{'bounds_m': [[0.0, 0.5], [-0.55, 0.55], [0.415, 0.815]], 'coordinate_frame': 'sim_local_m', 'excluded_outside_workspace_count': 3, 'final_segment_count': 67, 'included_segment_count': 63, 'missing_or_invalid_target_count': 1}",saved_rollouts_8,8,
rgbd+GP,gp,point,shuffle,shuffled-guidance,0.0,0.0,round_table,15,36,0.4166666666666667,11.54616604727276,position,,,240,False,,full_evaluator_36_pre_workspace_filter,36,workspace filtering unavailable
rgbd+GP,gp,point,n1,3mm,3.0,0.0,round_table,12,36,0.3333333333333333,2.766220715885804,position,,,51,True,"{'bounds_m': [[0.0, 0.5], [-0.55, 0.55], [0.415, 0.815]], 'coordinate_frame': 'sim_local_m', 'excluded_outside_workspace_count': 5, 'final_segment_count': 109, 'included_segment_count': 103, 'missing_or_invalid_target_count': 1}",saved_rollouts_8,8,
rgbd+GP,gp,point,n2,6mm,6.0,0.0,round_table,14,36,0.3888888888888889,3.2190801470569768,position,,,52,True,"{'bounds_m': [[0.0, 0.5], [-0.55, 0.55], [0.415, 0.815]], 'coordinate_frame': 'sim_local_m', 'excluded_outside_workspace_count': 7, 'final_segment_count': 81, 'included_segment_count': 74, 'missing_or_invalid_target_count': 0}",saved_rollouts_8,8,
rgbd+GP,gp,point,n3,12mm,12.0,0.0,round_table,15,36,0.4166666666666667,4.1264144432477865,position,,,32,True,"{'bounds_m': [[0.0, 0.5], [-0.55, 0.55], [0.415, 0.815]], 'coordinate_frame': 'sim_local_m', 'excluded_outside_workspace_count': 6, 'final_segment_count': 148, 'included_segment_count': 142, 'missing_or_invalid_target_count': 0}",saved_rollouts_8,8,
rgbd+GP,gp,point,n4,24mm,24.0,0.0,round_table,16,36,0.4444444444444444,4.925129335810852,position,,,42,True,"{'bounds_m': [[0.0, 0.5], [-0.55, 0.55], [0.415, 0.815]], 'coordinate_frame': 'sim_local_m', 'excluded_outside_workspace_count': 10, 'final_segment_count': 74, 'included_segment_count': 64, 'missing_or_invalid_target_count': 0}",saved_rollouts_8,8,
rgbd+colored GP,colored_gp,point,n0,0mm,0.0,0.0,round_table,11,36,0.3055555555555556,3.0192967590405315,position,,,46,True,"{'bounds_m': [[0.0, 0.5], [-0.55, 0.55], [0.415, 0.815]], 'coordinate_frame': 'sim_local_m', 'excluded_outside_workspace_count': 3, 'final_segment_count': 65, 'included_segment_count': 62, 'missing_or_invalid_target_count': 0}",saved_rollouts_8,8,
rgbd+colored GP,colored_gp,point,shuffle,shuffled-guidance,0.0,0.0,round_table,14,36,0.3888888888888889,11.436847818476364,position,,,250,False,,full_evaluator_36_pre_workspace_filter,36,workspace filtering unavailable
rgbd+colored GP,colored_gp,point,n1,3mm,3.0,0.0,round_table,14,36,0.3888888888888889,2.9379534835131884,position,,,49,True,"{'bounds_m': [[0.0, 0.5], [-0.55, 0.55], [0.415, 0.815]], 'coordinate_frame': 'sim_local_m', 'excluded_outside_workspace_count': 6, 'final_segment_count': 96, 'included_segment_count': 90, 'missing_or_invalid_target_count': 0}",saved_rollouts_8,8,
rgbd+colored GP,colored_gp,point,n2,6mm,6.0,0.0,round_table,13,36,0.3611111111111111,2.6804046918631563,position,,,48,True,"{'bounds_m': [[0.0, 0.5], [-0.55, 0.55], [0.415, 0.815]], 'coordinate_frame': 'sim_local_m', 'excluded_outside_workspace_count': 8, 'final_segment_count': 72, 'included_segment_count': 64, 'missing_or_invalid_target_count': 0}",saved_rollouts_8,8,
rgbd+colored GP,colored_gp,point,n3,12mm,12.0,0.0,round_table,13,36,0.3611111111111111,3.4914004396765757,position,,,44,True,"{'bounds_m': [[0.0, 0.5], [-0.55, 0.55], [0.415, 0.815]], 'coordinate_frame': 'sim_local_m', 'excluded_outside_workspace_count': 10, 'final_segment_count': 88, 'included_segment_count': 78, 'missing_or_invalid_target_count': 0}",saved_rollouts_8,8,
rgbd+colored GP,colored_gp,point,n4,24mm,24.0,0.0,round_table,14,36,0.3888888888888889,4.868932062539046,position,,,40,True,"{'bounds_m': [[0.0, 0.5], [-0.55, 0.55], [0.415, 0.815]], 'coordinate_frame': 'sim_local_m', 'excluded_outside_workspace_count': 9, 'final_segment_count': 64, 'included_segment_count': 55, 'missing_or_invalid_target_count': 0}",saved_rollouts_8,8,
rgbd+GP+skill,gp_skill,point,n0,0mm,0.0,0.0,round_table,16,36,0.4444444444444444,3.0503911919837092,position,,,55,True,"{'bounds_m': [[0.0, 0.5], [-0.55, 0.55], [0.415, 0.815]], 'coordinate_frame': 'sim_local_m', 'excluded_outside_workspace_count': 4, 'final_segment_count': 80, 'included_segment_count': 75, 'missing_or_invalid_target_count': 1}",saved_rollouts_8,8,
rgbd+GP+skill,gp_skill,point,shuffle,shuffled-guidance,0.0,0.0,round_table,15,36,0.4166666666666667,13.284852627234878,position,,,217,False,,full_evaluator_36_pre_workspace_filter,36,workspace filtering unavailable
rgbd+GP+skill,gp_skill,point,n1,3mm,3.0,0.0,round_table,16,36,0.4444444444444444,2.833133420599197,position,,,56,True,"{'bounds_m': [[0.0, 0.5], [-0.55, 0.55], [0.415, 0.815]], 'coordinate_frame': 'sim_local_m', 'excluded_outside_workspace_count': 7, 'final_segment_count': 83, 'included_segment_count': 76, 'missing_or_invalid_target_count': 0}",saved_rollouts_8,8,
rgbd+GP+skill,gp_skill,point,n2,6mm,6.0,0.0,round_table,17,36,0.4722222222222222,3.3142007777313105,position,,,48,True,"{'bounds_m': [[0.0, 0.5], [-0.55, 0.55], [0.415, 0.815]], 'coordinate_frame': 'sim_local_m', 'excluded_outside_workspace_count': 7, 'final_segment_count': 77, 'included_segment_count': 70, 'missing_or_invalid_target_count': 0}",saved_rollouts_8,8,
rgbd+GP+skill,gp_skill,point,n3,12mm,12.0,0.0,round_table,11,36,0.3055555555555556,3.723991945885114,position,,,34,True,"{'bounds_m': [[0.0, 0.5], [-0.55, 0.55], [0.415, 0.815]], 'coordinate_frame': 'sim_local_m', 'excluded_outside_workspace_count': 6, 'final_segment_count': 112, 'included_segment_count': 106, 'missing_or_invalid_target_count': 0}",saved_rollouts_8,8,
rgbd+GP+skill,gp_skill,point,n4,24mm,24.0,0.0,round_table,16,36,0.4444444444444444,4.954127764799949,position,,,44,True,"{'bounds_m': [[0.0, 0.5], [-0.55, 0.55], [0.415, 0.815]], 'coordinate_frame': 'sim_local_m', 'excluded_outside_workspace_count': 11, 'final_segment_count': 73, 'included_segment_count': 62, 'missing_or_invalid_target_count': 0}",saved_rollouts_8,8,
rgbd+grasp-part,grasp_part,grasp-part,n0,0mm/0deg,0.0,0.0,round_table,11,36,0.3055555555555556,2.9943220260544385,pose,26.809908909484317,8.356303807951303,50,True,"{'bounds_m': [[0.0, 0.5], [-0.55, 0.55], [0.415, 0.815]], 'coordinate_frame': 'sim_local_m', 'excluded_outside_workspace_count': 8, 'final_segment_count': 113, 'included_segment_count': 104, 'missing_or_invalid_target_count': 1}",saved_rollouts_8,8,
rgbd+grasp-part,grasp_part,grasp-part,shuffle,shuffled-guidance,0.0,0.0,round_table,11,36,0.3055555555555556,12.152172057651882,pose,52.607947991467476,22.673761655945377,221,False,,full_evaluator_36_pre_workspace_filter,36,workspace filtering unavailable
rgbd+grasp-part,grasp_part,grasp-part,n1,3mm/2.5deg,3.0,2.5,round_table,12,36,0.3333333333333333,3.918037575873168,pose,28.139207828776033,9.545879141628374,44,True,"{'bounds_m': [[0.0, 0.5], [-0.55, 0.55], [0.415, 0.815]], 'coordinate_frame': 'sim_local_m', 'excluded_outside_workspace_count': 5, 'final_segment_count': 67, 'included_segment_count': 62, 'missing_or_invalid_target_count': 0}",saved_rollouts_8,8,
rgbd+grasp-part,grasp_part,grasp-part,n2,6mm/5deg,6.0,5.0,round_table,15,36,0.4166666666666667,2.541962419957237,pose,20.32860501356125,6.6076834226694885,58,True,"{'bounds_m': [[0.0, 0.5], [-0.55, 0.55], [0.415, 0.815]], 'coordinate_frame': 'sim_local_m', 'excluded_outside_workspace_count': 7, 'final_segment_count': 98, 'included_segment_count': 91, 'missing_or_invalid_target_count': 0}",saved_rollouts_8,8,
rgbd+grasp-part,grasp_part,grasp-part,n3,12mm/10deg,12.0,10.0,round_table,21,36,0.5833333333333334,3.7463870927719793,pose,33.37660227172335,10.421707547116647,48,True,"{'bounds_m': [[0.0, 0.5], [-0.55, 0.55], [0.415, 0.815]], 'coordinate_frame': 'sim_local_m', 'excluded_outside_workspace_count': 8, 'final_segment_count': 120, 'included_segment_count': 112, 'missing_or_invalid_target_count': 0}",saved_rollouts_8,8,
rgbd+grasp-part,grasp_part,grasp-part,n4,24mm/20deg,24.0,20.0,round_table,19,36,0.5277777777777778,4.597629414285109,pose,40.477896222834474,12.693208658852003,41,True,"{'bounds_m': [[0.0, 0.5], [-0.55, 0.55], [0.415, 0.815]], 'coordinate_frame': 'sim_local_m', 'excluded_outside_workspace_count': 9, 'final_segment_count': 461, 'included_segment_count': 452, 'missing_or_invalid_target_count': 0}",saved_rollouts_8,8,
rgbd+grasp-part-colored,grasp_part_colored,grasp-part,n0,0mm/0deg,0.0,0.0,round_table,15,36,0.4166666666666667,3.025179923755636,pose,30.610557277281384,9.147291379211913,50,True,"{'bounds_m': [[0.0, 0.5], [-0.55, 0.55], [0.415, 0.815]], 'coordinate_frame': 'sim_local_m', 'excluded_outside_workspace_count': 4, 'final_segment_count': 88, 'included_segment_count': 84, 'missing_or_invalid_target_count': 0}",saved_rollouts_8,8,
rgbd+grasp-part-colored,grasp_part_colored,grasp-part,shuffle,shuffled-guidance,0.0,0.0,round_table,14,36,0.3888888888888889,12.244754450092705,pose,48.80211001021063,22.005176452134833,232,False,,full_evaluator_36_pre_workspace_filter,36,workspace filtering unavailable
rgbd+grasp-part-colored,grasp_part_colored,grasp-part,n1,3mm/2.5deg,3.0,2.5,round_table,17,36,0.4722222222222222,2.7434380493825645,pose,26.643116471630343,8.072061343708633,49,True,"{'bounds_m': [[0.0, 0.5], [-0.55, 0.55], [0.415, 0.815]], 'coordinate_frame': 'sim_local_m', 'excluded_outside_workspace_count': 6, 'final_segment_count': 459, 'included_segment_count': 452, 'missing_or_invalid_target_count': 1}",saved_rollouts_8,8,
rgbd+grasp-part-colored,grasp_part_colored,grasp-part,n2,6mm/5deg,6.0,5.0,round_table,15,36,0.4166666666666667,3.3579381908441057,pose,40.56704067785262,11.471346326414631,34,True,"{'bounds_m': [[0.0, 0.5], [-0.55, 0.55], [0.415, 0.815]], 'coordinate_frame': 'sim_local_m', 'excluded_outside_workspace_count': 6, 'final_segment_count': 66, 'included_segment_count': 60, 'missing_or_invalid_target_count': 0}",saved_rollouts_8,8,
rgbd+grasp-part-colored,grasp_part_colored,grasp-part,n3,12mm/10deg,12.0,10.0,round_table,14,36,0.3888888888888889,3.876003800030134,pose,41.34945074013935,12.145893948058001,44,True,"{'bounds_m': [[0.0, 0.5], [-0.55, 0.55], [0.415, 0.815]], 'coordinate_frame': 'sim_local_m', 'excluded_outside_workspace_count': 5, 'final_segment_count': 78, 'included_segment_count': 73, 'missing_or_invalid_target_count': 0}",saved_rollouts_8,8,
rgbd+grasp-part-colored,grasp_part_colored,grasp-part,n4,24mm/20deg,24.0,20.0,round_table,14,36,0.3888888888888889,4.803101007939628,pose,44.8712842823645,13.777357864412528,42,True,"{'bounds_m': [[0.0, 0.5], [-0.55, 0.55], [0.415, 0.815]], 'coordinate_frame': 'sim_local_m', 'excluded_outside_workspace_count': 11, 'final_segment_count': 112, 'included_segment_count': 101, 'missing_or_invalid_target_count': 0}",saved_rollouts_8,8,
rgbd+GP,gp,point,n0,0mm,0.0,0.0,lamp,15,36,0.4166666666666667,6.536193406435396,position,,,28,True,"{'bounds_m': [[0.0, 0.5], [-0.55, 0.55], [0.415, 0.815]], 'coordinate_frame': 'sim_local_m', 'excluded_outside_workspace_count': 5, 'final_segment_count': 34, 'included_segment_count': 29, 'missing_or_invalid_target_count': 0}",saved_rollouts_8,8,
rgbd+GP,gp,point,shuffle,shuffled-guidance,0.0,0.0,lamp,11,36,0.3055555555555556,16.081062598324063,position,,,157,False,,full_evaluator_36_pre_workspace_filter,36,workspace filtering unavailable
rgbd+GP,gp,point,n1,3mm,3.0,0.0,lamp,11,36,0.3055555555555556,5.963034703973472,position,,,32,True,"{'bounds_m': [[0.0, 0.5], [-0.55, 0.55], [0.415, 0.815]], 'coordinate_frame': 'sim_local_m', 'excluded_outside_workspace_count': 3, 'final_segment_count': 36, 'included_segment_count': 33, 'missing_or_invalid_target_count': 0}",saved_rollouts_8,8,
rgbd+GP,gp,point,n2,6mm,6.0,0.0,lamp,12,36,0.3333333333333333,6.131919834696018,position,,,37,True,"{'bounds_m': [[0.0, 0.5], [-0.55, 0.55], [0.415, 0.815]], 'coordinate_frame': 'sim_local_m', 'excluded_outside_workspace_count': 4, 'final_segment_count': 43, 'included_segment_count': 39, 'missing_or_invalid_target_count': 0}",saved_rollouts_8,8,
rgbd+GP,gp,point,n3,12mm,12.0,0.0,lamp,13,36,0.3611111111111111,4.533433602799901,position,,,35,True,"{'bounds_m': [[0.0, 0.5], [-0.55, 0.55], [0.415, 0.815]], 'coordinate_frame': 'sim_local_m', 'excluded_outside_workspace_count': 6, 'final_segment_count': 45, 'included_segment_count': 39, 'missing_or_invalid_target_count': 0}",saved_rollouts_8,8,
rgbd+GP,gp,point,n4,24mm,24.0,0.0,lamp,12,36,0.3333333333333333,6.170455497340953,position,,,27,True,"{'bounds_m': [[0.0, 0.5], [-0.55, 0.55], [0.415, 0.815]], 'coordinate_frame': 'sim_local_m', 'excluded_outside_workspace_count': 7, 'final_segment_count': 41, 'included_segment_count': 34, 'missing_or_invalid_target_count': 0}",saved_rollouts_8,8,
rgbd+colored GP,colored_gp,point,n0,0mm,0.0,0.0,lamp,14,36,0.3888888888888889,4.517015726668118,position,,,40,True,"{'bounds_m': [[0.0, 0.5], [-0.55, 0.55], [0.415, 0.815]], 'coordinate_frame': 'sim_local_m', 'excluded_outside_workspace_count': 5, 'final_segment_count': 46, 'included_segment_count': 41, 'missing_or_invalid_target_count': 0}",saved_rollouts_8,8,
rgbd+colored GP,colored_gp,point,shuffle,shuffled-guidance,0.0,0.0,lamp,13,36,0.3611111111111111,16.49830835804514,position,,,166,False,,full_evaluator_36_pre_workspace_filter,36,workspace filtering unavailable
rgbd+colored GP,colored_gp,point,n1,3mm,3.0,0.0,lamp,14,36,0.3888888888888889,5.637146387737251,position,,,35,True,"{'bounds_m': [[0.0, 0.5], [-0.55, 0.55], [0.415, 0.815]], 'coordinate_frame': 'sim_local_m', 'excluded_outside_workspace_count': 2, 'final_segment_count': 47, 'included_segment_count': 45, 'missing_or_invalid_target_count': 0}",saved_rollouts_8,8,
rgbd+colored GP,colored_gp,point,n2,6mm,6.0,0.0,lamp,17,36,0.4722222222222222,4.8269519168815025,position,,,43,True,"{'bounds_m': [[0.0, 0.5], [-0.55, 0.55], [0.415, 0.815]], 'coordinate_frame': 'sim_local_m', 'excluded_outside_workspace_count': 5, 'final_segment_count': 53, 'included_segment_count': 48, 'missing_or_invalid_target_count': 0}",saved_rollouts_8,8,
rgbd+colored GP,colored_gp,point,n3,12mm,12.0,0.0,lamp,13,36,0.3611111111111111,5.627338472248328,position,,,29,True,"{'bounds_m': [[0.0, 0.5], [-0.55, 0.55], [0.415, 0.815]], 'coordinate_frame': 'sim_local_m', 'excluded_outside_workspace_count': 5, 'final_segment_count': 43, 'included_segment_count': 38, 'missing_or_invalid_target_count': 0}",saved_rollouts_8,8,
rgbd+colored GP,colored_gp,point,n4,24mm,24.0,0.0,lamp,15,36,0.4166666666666667,6.2416563721816845,position,,,27,True,"{'bounds_m': [[0.0, 0.5], [-0.55, 0.55], [0.415, 0.815]], 'coordinate_frame': 'sim_local_m', 'excluded_outside_workspace_count': 7, 'final_segment_count': 37, 'included_segment_count': 30, 'missing_or_invalid_target_count': 0}",saved_rollouts_8,8,
rgbd+GP+skill,gp_skill,point,n0,0mm,0.0,0.0,lamp,12,36,0.3333333333333333,4.459670267157039,position,,,32,True,"{'bounds_m': [[0.0, 0.5], [-0.55, 0.55], [0.415, 0.815]], 'coordinate_frame': 'sim_local_m', 'excluded_outside_workspace_count': 5, 'final_segment_count': 41, 'included_segment_count': 36, 'missing_or_invalid_target_count': 0}",saved_rollouts_8,8,
rgbd+GP+skill,gp_skill,point,shuffle,shuffled-guidance,0.0,0.0,lamp,10,36,0.2777777777777778,15.471874037542532,position,,,162,False,,full_evaluator_36_pre_workspace_filter,36,workspace filtering unavailable
rgbd+GP+skill,gp_skill,point,n1,3mm,3.0,0.0,lamp,13,36,0.3611111111111111,4.963545939717759,position,,,34,True,"{'bounds_m': [[0.0, 0.5], [-0.55, 0.55], [0.415, 0.815]], 'coordinate_frame': 'sim_local_m', 'excluded_outside_workspace_count': 4, 'final_segment_count': 42, 'included_segment_count': 38, 'missing_or_invalid_target_count': 0}",saved_rollouts_8,8,
rgbd+GP+skill,gp_skill,point,n2,6mm,6.0,0.0,lamp,17,36,0.4722222222222222,5.153560278925675,position,,,40,True,"{'bounds_m': [[0.0, 0.5], [-0.55, 0.55], [0.415, 0.815]], 'coordinate_frame': 'sim_local_m', 'excluded_outside_workspace_count': 6, 'final_segment_count': 47, 'included_segment_count': 41, 'missing_or_invalid_target_count': 0}",saved_rollouts_8,8,
rgbd+GP+skill,gp_skill,point,n3,12mm,12.0,0.0,lamp,10,36,0.2777777777777778,4.458597859885011,position,,,33,True,"{'bounds_m': [[0.0, 0.5], [-0.55, 0.55], [0.415, 0.815]], 'coordinate_frame': 'sim_local_m', 'excluded_outside_workspace_count': 5, 'final_segment_count': 47, 'included_segment_count': 42, 'missing_or_invalid_target_count': 0}",saved_rollouts_8,8,
rgbd+GP+skill,gp_skill,point,n4,24mm,24.0,0.0,lamp,9,36,0.25,7.91643732737252,position,,,35,True,"{'bounds_m': [[0.0, 0.5], [-0.55, 0.55], [0.415, 0.815]], 'coordinate_frame': 'sim_local_m', 'excluded_outside_workspace_count': 6, 'final_segment_count': 42, 'included_segment_count': 36, 'missing_or_invalid_target_count': 0}",saved_rollouts_8,8,
rgbd+grasp-part,grasp_part,grasp-part,n0,0mm/0deg,0.0,0.0,lamp,17,36,0.4722222222222222,4.677355175873887,pose,43.368188766153196,13.350992929104528,34,True,"{'bounds_m': [[0.0, 0.5], [-0.55, 0.55], [0.415, 0.815]], 'coordinate_frame': 'sim_local_m', 'excluded_outside_workspace_count': 4, 'final_segment_count': 45, 'included_segment_count': 41, 'missing_or_invalid_target_count': 0}",saved_rollouts_8,8,
rgbd+grasp-part,grasp_part,grasp-part,shuffle,shuffled-guidance,0.0,0.0,lamp,15,36,0.4166666666666667,16.475378903256114,pose,52.414521066176874,26.958283116491483,157,False,,full_evaluator_36_pre_workspace_filter,36,workspace filtering unavailable
rgbd+grasp-part,grasp_part,grasp-part,n1,3mm/2.5deg,3.0,2.5,lamp,15,36,0.4166666666666667,4.19962001924115,pose,41.745257996344044,12.548671618509957,32,True,"{'bounds_m': [[0.0, 0.5], [-0.55, 0.55], [0.415, 0.815]], 'coordinate_frame': 'sim_local_m', 'excluded_outside_workspace_count': 6, 'final_segment_count': 39, 'included_segment_count': 33, 'missing_or_invalid_target_count': 0}",saved_rollouts_8,8,
rgbd+grasp-part,grasp_part,grasp-part,n2,6mm/5deg,6.0,5.0,lamp,16,36,0.4444444444444444,4.686288526545759,pose,37.76159906898752,12.238608340343264,41,True,"{'bounds_m': [[0.0, 0.5], [-0.55, 0.55], [0.415, 0.815]], 'coordinate_frame': 'sim_local_m', 'excluded_outside_workspace_count': 4, 'final_segment_count': 51, 'included_segment_count': 47, 'missing_or_invalid_target_count': 0}",saved_rollouts_8,8,
rgbd+grasp-part,grasp_part,grasp-part,n3,12mm/10deg,12.0,10.0,lamp,12,36,0.3333333333333333,6.104177898825934,pose,51.48324262301876,16.400826423429688,29,True,"{'bounds_m': [[0.0, 0.5], [-0.55, 0.55], [0.415, 0.815]], 'coordinate_frame': 'sim_local_m', 'excluded_outside_workspace_count': 5, 'final_segment_count': 39, 'included_segment_count': 34, 'missing_or_invalid_target_count': 0}",saved_rollouts_8,8,
rgbd+grasp-part,grasp_part,grasp-part,n4,24mm/20deg,24.0,20.0,lamp,12,36,0.3333333333333333,8.622018845561565,pose,63.5260431243519,21.327227470431946,24,True,"{'bounds_m': [[0.0, 0.5], [-0.55, 0.55], [0.415, 0.815]], 'coordinate_frame': 'sim_local_m', 'excluded_outside_workspace_count': 6, 'final_segment_count': 38, 'included_segment_count': 32, 'missing_or_invalid_target_count': 0}",saved_rollouts_8,8,
rgbd+grasp-part-colored,grasp_part_colored,grasp-part,n0,0mm/0deg,0.0,0.0,lamp,14,36,0.3888888888888889,4.272312309191693,pose,37.98489121024565,11.869290551240823,37,True,"{'bounds_m': [[0.0, 0.5], [-0.55, 0.55], [0.415, 0.815]], 'coordinate_frame': 'sim_local_m', 'excluded_outside_workspace_count': 5, 'final_segment_count': 49, 'included_segment_count': 44, 'missing_or_invalid_target_count': 0}",saved_rollouts_8,8,
rgbd+grasp-part-colored,grasp_part_colored,grasp-part,shuffle,shuffled-guidance,0.0,0.0,lamp,16,36,0.4444444444444444,15.499953424276791,pose,54.5546733158019,26.41088808743717,172,False,,full_evaluator_36_pre_workspace_filter,36,workspace filtering unavailable
rgbd+grasp-part-colored,grasp_part_colored,grasp-part,n1,3mm/2.5deg,3.0,2.5,lamp,21,36,0.5833333333333334,3.892442583522697,pose,41.00928235929405,12.094299055381505,40,True,"{'bounds_m': [[0.0, 0.5], [-0.55, 0.55], [0.415, 0.815]], 'coordinate_frame': 'sim_local_m', 'excluded_outside_workspace_count': 5, 'final_segment_count': 49, 'included_segment_count': 44, 'missing_or_invalid_target_count': 0}",saved_rollouts_8,8,
rgbd+grasp-part-colored,grasp_part_colored,grasp-part,n2,6mm/5deg,6.0,5.0,lamp,19,36,0.5277777777777778,5.567686301156584,pose,55.96306788433983,16.760299878024547,31,True,"{'bounds_m': [[0.0, 0.5], [-0.55, 0.55], [0.415, 0.815]], 'coordinate_frame': 'sim_local_m', 'excluded_outside_workspace_count': 6, 'final_segment_count': 44, 'included_segment_count': 38, 'missing_or_invalid_target_count': 0}",saved_rollouts_8,8,
rgbd+grasp-part-colored,grasp_part_colored,grasp-part,n3,12mm/10deg,12.0,10.0,lamp,11,36,0.3055555555555556,4.939405520734934,pose,48.53764602032504,14.64693472479994,32,True,"{'bounds_m': [[0.0, 0.5], [-0.55, 0.55], [0.415, 0.815]], 'coordinate_frame': 'sim_local_m', 'excluded_outside_workspace_count': 7, 'final_segment_count': 49, 'included_segment_count': 42, 'missing_or_invalid_target_count': 0}",saved_rollouts_8,8,
rgbd+grasp-part-colored,grasp_part_colored,grasp-part,n4,24mm/20deg,24.0,20.0,lamp,20,36,0.5555555555555556,6.287230903683429,pose,53.76644184498265,17.040519272679962,34,True,"{'bounds_m': [[0.0, 0.5], [-0.55, 0.55], [0.415, 0.815]], 'coordinate_frame': 'sim_local_m', 'excluded_outside_workspace_count': 8, 'final_segment_count': 47, 'included_segment_count': 39, 'missing_or_invalid_target_count': 0}",saved_rollouts_8,8,
