condition,condition_id,family,noise_id,noise_label,pos_std_mm,ori_std_deg,skill_type,n_skill_states,reached_count,completed_count,skill_success_rate,track_pos_cm,track_ori_deg,track_total,tracking_complete,tracking_source,tracking_rollouts_per_task,tracking_unavailable_reason
rgbd+GP,gp,point,n0,0mm,0.0,0.0,push,24,108,107,0.9907407407407407,6.122098436598622,,,True,saved_rollouts_8,8,
rgbd+GP,gp,point,shuffle,shuffled-guidance,0.0,0.0,push,107,107,107,1.0,12.026092527964364,,,False,full_evaluator_36_pre_workspace_filter,36,workspace filtering unavailable
rgbd+GP,gp,point,n0,0mm,0.0,0.0,pick,39,166,161,0.9698795180722891,3.095348846395308,,,True,saved_rollouts_8,8,
rgbd+GP,gp,point,shuffle,shuffled-guidance,0.0,0.0,pick,171,171,162,0.9473684210526315,22.414263450941572,,,False,full_evaluator_36_pre_workspace_filter,36,workspace filtering unavailable
rgbd+GP,gp,point,n0,0mm,0.0,0.0,place,26,125,104,0.832,2.6895081302684316,,,True,saved_rollouts_8,8,
rgbd+GP,gp,point,shuffle,shuffled-guidance,0.0,0.0,place,126,126,110,0.873015873015873,10.515006127633667,,,False,full_evaluator_36_pre_workspace_filter,36,workspace filtering unavailable
rgbd+GP,gp,point,n0,0mm,0.0,0.0,insert,21,95,94,0.9894736842105263,1.0619942524906882,,,True,saved_rollouts_8,8,
rgbd+GP,gp,point,shuffle,shuffled-guidance,0.0,0.0,insert,104,104,96,0.9230769230769231,10.041109030263355,,,False,full_evaluator_36_pre_workspace_filter,36,workspace filtering unavailable
rgbd+GP,gp,point,n0,0mm,0.0,0.0,screw,12,94,71,0.7553191489361702,5.495079903496643,,,True,saved_rollouts_8,8,
rgbd+GP,gp,point,shuffle,shuffled-guidance,0.0,0.0,screw,95,95,75,0.7894736842105263,25.121212042358074,,,False,full_evaluator_36_pre_workspace_filter,36,workspace filtering unavailable
rgbd+GP,gp,point,n1,3mm,3.0,0.0,push,23,108,106,0.9814814814814815,7.268319325424848,,,True,saved_rollouts_8,8,
rgbd+GP,gp,point,n1,3mm,3.0,0.0,pick,37,168,160,0.9523809523809523,1.7422714844747222,,,True,saved_rollouts_8,8,
rgbd+GP,gp,point,n1,3mm,3.0,0.0,place,26,124,106,0.8548387096774194,2.2576051478395494,,,True,saved_rollouts_8,8,
rgbd+GP,gp,point,n1,3mm,3.0,0.0,insert,23,98,98,1.0,1.4208159291308171,,,True,saved_rollouts_8,8,
rgbd+GP,gp,point,n1,3mm,3.0,0.0,screw,13,98,76,0.7755102040816326,7.041641976788925,,,True,saved_rollouts_8,8,
rgbd+GP,gp,point,n2,6mm,6.0,0.0,push,21,108,105,0.9722222222222222,6.276729370277759,,,True,saved_rollouts_8,8,
rgbd+GP,gp,point,n2,6mm,6.0,0.0,pick,42,169,160,0.9467455621301775,2.8573247145493315,,,True,saved_rollouts_8,8,
rgbd+GP,gp,point,n2,6mm,6.0,0.0,place,29,124,106,0.8548387096774194,3.087698930860223,,,True,saved_rollouts_8,8,
rgbd+GP,gp,point,n2,6mm,6.0,0.0,insert,24,98,95,0.9693877551020408,1.4110405456355135,,,True,saved_rollouts_8,8,
rgbd+GP,gp,point,n2,6mm,6.0,0.0,screw,16,95,75,0.7894736842105263,6.0032157540832145,,,True,saved_rollouts_8,8,
rgbd+GP,gp,point,n3,12mm,12.0,0.0,push,19,107,103,0.9626168224299065,6.058796596936966,,,True,saved_rollouts_8,8,
rgbd+GP,gp,point,n3,12mm,12.0,0.0,pick,35,171,162,0.9473684210526315,3.295305459017079,,,True,saved_rollouts_8,8,
rgbd+GP,gp,point,n3,12mm,12.0,0.0,place,23,126,103,0.8174603174603174,2.71197425157244,,,True,saved_rollouts_8,8,
rgbd+GP,gp,point,n3,12mm,12.0,0.0,insert,18,95,94,0.9894736842105263,2.092804475948427,,,True,saved_rollouts_8,8,
rgbd+GP,gp,point,n3,12mm,12.0,0.0,screw,10,94,79,0.8404255319148937,6.0250564987307875,,,True,saved_rollouts_8,8,
rgbd+GP,gp,point,n4,24mm,24.0,0.0,push,17,108,108,1.0,6.782239791260926,,,True,saved_rollouts_8,8,
rgbd+GP,gp,point,n4,24mm,24.0,0.0,pick,34,176,167,0.9488636363636364,4.535441560395133,,,True,saved_rollouts_8,8,
rgbd+GP,gp,point,n4,24mm,24.0,0.0,place,26,129,108,0.8372093023255814,5.096671644056809,,,True,saved_rollouts_8,8,
rgbd+GP,gp,point,n4,24mm,24.0,0.0,insert,20,102,100,0.9803921568627451,3.909874379222046,,,True,saved_rollouts_8,8,
rgbd+GP,gp,point,n4,24mm,24.0,0.0,screw,8,100,84,0.84,4.360713545962656,,,True,saved_rollouts_8,8,
rgbd+colored GP,colored_gp,point,n0,0mm,0.0,0.0,push,24,108,107,0.9907407407407407,6.737976942153585,,,True,saved_rollouts_8,8,
rgbd+colored GP,colored_gp,point,shuffle,shuffled-guidance,0.0,0.0,push,108,108,106,0.9814814814814815,12.114906147715567,,,False,full_evaluator_36_pre_workspace_filter,36,workspace filtering unavailable
rgbd+colored GP,colored_gp,point,n0,0mm,0.0,0.0,pick,40,178,167,0.9382022471910112,2.2667637368060056,,,True,saved_rollouts_8,8,
rgbd+colored GP,colored_gp,point,shuffle,shuffled-guidance,0.0,0.0,pick,173,173,170,0.9826589595375722,22.16630023107157,,,False,full_evaluator_36_pre_workspace_filter,36,workspace filtering unavailable
rgbd+colored GP,colored_gp,point,n0,0mm,0.0,0.0,place,25,129,104,0.8062015503875969,2.456458128814423,,,True,saved_rollouts_8,8,
rgbd+colored GP,colored_gp,point,shuffle,shuffled-guidance,0.0,0.0,place,134,134,110,0.8208955223880597,11.540576854743225,,,False,full_evaluator_36_pre_workspace_filter,36,workspace filtering unavailable
rgbd+colored GP,colored_gp,point,n0,0mm,0.0,0.0,insert,22,94,92,0.9787234042553191,1.3284171244309322,,,True,saved_rollouts_8,8,
rgbd+colored GP,colored_gp,point,shuffle,shuffled-guidance,0.0,0.0,insert,102,102,100,0.9803921568627451,10.412396936457938,,,False,full_evaluator_36_pre_workspace_filter,36,workspace filtering unavailable
rgbd+colored GP,colored_gp,point,n0,0mm,0.0,0.0,screw,13,92,79,0.8586956521739131,4.926580015438479,,,True,saved_rollouts_8,8,
rgbd+colored GP,colored_gp,point,shuffle,shuffled-guidance,0.0,0.0,screw,100,100,79,0.79,25.861224064641434,,,False,full_evaluator_36_pre_workspace_filter,36,workspace filtering unavailable
rgbd+colored GP,colored_gp,point,n1,3mm,3.0,0.0,push,23,108,106,0.9814814814814815,6.904349019981408,,,True,saved_rollouts_8,8,
rgbd+colored GP,colored_gp,point,n1,3mm,3.0,0.0,pick,37,177,166,0.9378531073446328,3.3019951426358136,,,True,saved_rollouts_8,8,
rgbd+colored GP,colored_gp,point,n1,3mm,3.0,0.0,place,25,130,110,0.8461538461538461,1.7568850139169743,,,True,saved_rollouts_8,8,
rgbd+colored GP,colored_gp,point,n1,3mm,3.0,0.0,insert,21,100,98,0.98,1.179209059539399,,,True,saved_rollouts_8,8,
rgbd+colored GP,colored_gp,point,n1,3mm,3.0,0.0,screw,13,98,84,0.8571428571428571,6.615883942842047,,,True,saved_rollouts_8,8,
rgbd+colored GP,colored_gp,point,n2,6mm,6.0,0.0,push,21,108,105,0.9722222222222222,6.422997033307825,,,True,saved_rollouts_8,8,
rgbd+colored GP,colored_gp,point,n2,6mm,6.0,0.0,pick,41,174,167,0.9597701149425287,2.230892033184073,,,True,saved_rollouts_8,8,
rgbd+colored GP,colored_gp,point,n2,6mm,6.0,0.0,place,28,131,110,0.8396946564885496,1.7622015425264783,,,True,saved_rollouts_8,8,
rgbd+colored GP,colored_gp,point,n2,6mm,6.0,0.0,insert,24,97,95,0.979381443298969,1.4496036449162863,,,True,saved_rollouts_8,8,
rgbd+colored GP,colored_gp,point,n2,6mm,6.0,0.0,screw,15,95,80,0.8421052631578947,7.755513354952609,,,True,saved_rollouts_8,8,
rgbd+colored GP,colored_gp,point,n3,12mm,12.0,0.0,push,20,108,106,0.9814814814814815,6.058210721931382,,,True,saved_rollouts_8,8,
rgbd+colored GP,colored_gp,point,n3,12mm,12.0,0.0,pick,37,175,169,0.9657142857142857,2.862953844928135,,,True,saved_rollouts_8,8,
rgbd+colored GP,colored_gp,point,n3,12mm,12.0,0.0,place,28,132,110,0.8333333333333334,4.080746514497909,,,True,saved_rollouts_8,8,
rgbd+colored GP,colored_gp,point,n3,12mm,12.0,0.0,insert,18,100,98,0.98,2.134023157427785,,,True,saved_rollouts_8,8,
rgbd+colored GP,colored_gp,point,n3,12mm,12.0,0.0,screw,10,98,80,0.8163265306122449,3.6795855353358706,,,True,saved_rollouts_8,8,
rgbd+colored GP,colored_gp,point,n4,24mm,24.0,0.0,push,17,108,102,0.9444444444444444,7.684716851175876,,,True,saved_rollouts_8,8,
rgbd+colored GP,colored_gp,point,n4,24mm,24.0,0.0,pick,31,164,152,0.926829268292683,4.7046831581981134,,,True,saved_rollouts_8,8,
rgbd+colored GP,colored_gp,point,n4,24mm,24.0,0.0,place,25,116,99,0.853448275862069,5.003649313128014,,,True,saved_rollouts_8,8,
rgbd+colored GP,colored_gp,point,n4,24mm,24.0,0.0,insert,17,94,93,0.9893617021276596,4.171338334749055,,,True,saved_rollouts_8,8,
rgbd+colored GP,colored_gp,point,n4,24mm,24.0,0.0,screw,7,92,80,0.8695652173913043,4.668620197774594,,,True,saved_rollouts_8,8,
rgbd+GP+skill,gp_skill,point,n0,0mm,0.0,0.0,push,24,108,106,0.9814814814814815,6.642395015765777,,,True,saved_rollouts_8,8,
rgbd+GP+skill,gp_skill,point,shuffle,shuffled-guidance,0.0,0.0,push,108,108,105,0.9722222222222222,12.283044460780486,,,False,full_evaluator_36_pre_workspace_filter,36,workspace filtering unavailable
rgbd+GP+skill,gp_skill,point,n0,0mm,0.0,0.0,pick,40,173,166,0.9595375722543352,2.8849564671165018,,,True,saved_rollouts_8,8,
rgbd+GP+skill,gp_skill,point,shuffle,shuffled-guidance,0.0,0.0,pick,167,167,158,0.9461077844311377,21.988328324999912,,,False,full_evaluator_36_pre_workspace_filter,36,workspace filtering unavailable
rgbd+GP+skill,gp_skill,point,n0,0mm,0.0,0.0,place,26,128,105,0.8203125,1.8292587608045938,,,True,saved_rollouts_8,8,
rgbd+GP+skill,gp_skill,point,shuffle,shuffled-guidance,0.0,0.0,place,122,122,100,0.819672131147541,10.84410839034946,,,False,full_evaluator_36_pre_workspace_filter,36,workspace filtering unavailable
rgbd+GP+skill,gp_skill,point,n0,0mm,0.0,0.0,insert,22,99,98,0.98989898989899,1.2154428964735988,,,True,saved_rollouts_8,8,
rgbd+GP+skill,gp_skill,point,shuffle,shuffled-guidance,0.0,0.0,insert,93,93,93,1.0,10.610632697144196,,,False,full_evaluator_36_pre_workspace_filter,36,workspace filtering unavailable
rgbd+GP+skill,gp_skill,point,n0,0mm,0.0,0.0,screw,13,98,81,0.826530612244898,2.772590982964766,,,True,saved_rollouts_8,8,
rgbd+GP+skill,gp_skill,point,shuffle,shuffled-guidance,0.0,0.0,screw,93,93,76,0.8172043010752689,29.148556196777758,,,False,full_evaluator_36_pre_workspace_filter,36,workspace filtering unavailable
rgbd+GP+skill,gp_skill,point,n1,3mm,3.0,0.0,push,23,108,106,0.9814814814814815,5.684043023672045,,,True,saved_rollouts_8,8,
rgbd+GP+skill,gp_skill,point,n1,3mm,3.0,0.0,pick,41,168,155,0.9226190476190477,2.129449456769842,,,True,saved_rollouts_8,8,
rgbd+GP+skill,gp_skill,point,n1,3mm,3.0,0.0,place,30,119,99,0.8319327731092437,2.3492107985616943,,,True,saved_rollouts_8,8,
rgbd+GP+skill,gp_skill,point,n1,3mm,3.0,0.0,insert,25,92,91,0.9891304347826086,1.4869466334936243,,,True,saved_rollouts_8,8,
rgbd+GP+skill,gp_skill,point,n1,3mm,3.0,0.0,screw,14,91,81,0.8901098901098901,5.255862712366712,,,True,saved_rollouts_8,8,
rgbd+GP+skill,gp_skill,point,n2,6mm,6.0,0.0,push,21,108,106,0.9814814814814815,5.845440270114147,,,True,saved_rollouts_8,8,
rgbd+GP+skill,gp_skill,point,n2,6mm,6.0,0.0,pick,42,175,168,0.96,2.2219219682044504,,,True,saved_rollouts_8,8,
rgbd+GP+skill,gp_skill,point,n2,6mm,6.0,0.0,place,30,132,110,0.8333333333333334,3.1841007432230035,,,True,saved_rollouts_8,8,
rgbd+GP+skill,gp_skill,point,n2,6mm,6.0,0.0,insert,22,100,99,0.99,1.2770018759523876,,,True,saved_rollouts_8,8,
rgbd+GP+skill,gp_skill,point,n2,6mm,6.0,0.0,screw,12,99,89,0.898989898989899,8.544867434206655,,,True,saved_rollouts_8,8,
rgbd+GP+skill,gp_skill,point,n3,12mm,12.0,0.0,push,20,108,107,0.9907407407407407,6.567810156497364,,,True,saved_rollouts_8,8,
rgbd+GP+skill,gp_skill,point,n3,12mm,12.0,0.0,pick,33,167,158,0.9461077844311377,3.0375210298387296,,,True,saved_rollouts_8,8,
rgbd+GP+skill,gp_skill,point,n3,12mm,12.0,0.0,place,24,122,96,0.7868852459016393,3.144376196847222,,,True,saved_rollouts_8,8,
rgbd+GP+skill,gp_skill,point,n3,12mm,12.0,0.0,insert,18,90,88,0.9777777777777777,2.2379540811952467,,,True,saved_rollouts_8,8,
rgbd+GP+skill,gp_skill,point,n3,12mm,12.0,0.0,screw,10,88,72,0.8181818181818182,5.098579049630786,,,True,saved_rollouts_8,8,
rgbd+GP+skill,gp_skill,point,n4,24mm,24.0,0.0,push,17,108,106,0.9814814814814815,6.821589569467322,,,True,saved_rollouts_8,8,
rgbd+GP+skill,gp_skill,point,n4,24mm,24.0,0.0,pick,32,171,164,0.9590643274853801,4.825505755454938,,,True,saved_rollouts_8,8,
rgbd+GP+skill,gp_skill,point,n4,24mm,24.0,0.0,place,29,128,105,0.8203125,5.350961354478333,,,True,saved_rollouts_8,8,
rgbd+GP+skill,gp_skill,point,n4,24mm,24.0,0.0,insert,21,99,95,0.9595959595959596,3.828026507436792,,,True,saved_rollouts_8,8,
rgbd+GP+skill,gp_skill,point,n4,24mm,24.0,0.0,screw,13,95,74,0.7789473684210526,10.231216252850238,,,True,saved_rollouts_8,8,
rgbd+grasp-part,grasp_part,grasp-part,n0,0mm/0deg,0.0,0.0,push,24,108,100,0.9259259259259259,6.4853341758754155,52.56145829529523,16.997625834934457,True,saved_rollouts_8,8,
rgbd+grasp-part,grasp_part,grasp-part,shuffle,shuffled-guidance,0.0,0.0,push,108,108,105,0.9722222222222222,11.454576546087468,42.54712230121988,19.96400100633144,False,full_evaluator_36_pre_workspace_filter,36,workspace filtering unavailable
rgbd+grasp-part,grasp_part,grasp-part,n0,0mm/0deg,0.0,0.0,pick,38,163,153,0.9386503067484663,2.4052417090333207,20.591007517122108,6.523443212457741,True,saved_rollouts_8,8,
rgbd+grasp-part,grasp_part,grasp-part,shuffle,shuffled-guidance,0.0,0.0,pick,170,170,159,0.9352941176470588,21.229611232490093,77.04696807200926,36.639004846891936,False,full_evaluator_36_pre_workspace_filter,36,workspace filtering unavailable
rgbd+grasp-part,grasp_part,grasp-part,n0,0mm/0deg,0.0,0.0,place,28,117,97,0.8290598290598291,2.777853851452908,28.374851882114513,8.452824227875809,True,saved_rollouts_8,8,
rgbd+grasp-part,grasp_part,grasp-part,shuffle,shuffled-guidance,0.0,0.0,place,123,123,97,0.7886178861788617,12.089404476616702,47.41333053861871,21.57207058434044,False,full_evaluator_36_pre_workspace_filter,36,workspace filtering unavailable
rgbd+grasp-part,grasp_part,grasp-part,n0,0mm/0deg,0.0,0.0,insert,21,89,86,0.9662921348314607,1.1022883987769965,11.103241480814003,3.3229366949397963,True,saved_rollouts_8,8,
rgbd+grasp-part,grasp_part,grasp-part,shuffle,shuffled-guidance,0.0,0.0,insert,89,89,83,0.9325842696629213,10.583947586660216,55.68675144208586,21.72129787507739,False,full_evaluator_36_pre_workspace_filter,36,workspace filtering unavailable
rgbd+grasp-part,grasp_part,grasp-part,n0,0mm/0deg,0.0,0.0,screw,12,86,74,0.8604651162790697,4.055047448766983,26.45158469876894,9.345364388520773,True,saved_rollouts_8,8,
rgbd+grasp-part,grasp_part,grasp-part,shuffle,shuffled-guidance,0.0,0.0,screw,83,83,74,0.891566265060241,29.297658593150672,60.98352010964028,41.49436261507872,False,full_evaluator_36_pre_workspace_filter,36,workspace filtering unavailable
rgbd+grasp-part,grasp_part,grasp-part,n1,3mm/2.5deg,3.0,2.5,push,23,108,106,0.9814814814814815,5.799449916481807,48.61041351050173,15.521532618582153,True,saved_rollouts_8,8,
rgbd+grasp-part,grasp_part,grasp-part,n1,3mm/2.5deg,3.0,2.5,pick,38,170,160,0.9411764705882353,3.0083234201597806,20.723438646404123,7.153011149440606,True,saved_rollouts_8,8,
rgbd+grasp-part,grasp_part,grasp-part,n1,3mm/2.5deg,3.0,2.5,place,26,124,101,0.8145161290322581,2.6234936134838884,25.33595699520496,7.69068501252488,True,saved_rollouts_8,8,
rgbd+grasp-part,grasp_part,grasp-part,n1,3mm/2.5deg,3.0,2.5,insert,22,93,91,0.978494623655914,1.2081108276442303,11.675755374049215,3.543261902454074,True,saved_rollouts_8,8,
rgbd+grasp-part,grasp_part,grasp-part,n1,3mm/2.5deg,3.0,2.5,screw,10,91,81,0.8901098901098901,3.874000198040769,28.595596150495844,9.593119428139937,True,saved_rollouts_8,8,
rgbd+grasp-part,grasp_part,grasp-part,n2,6mm/5deg,6.0,5.0,push,21,108,100,0.9259259259259259,7.100647836408457,49.88476768315394,17.077601373039244,True,saved_rollouts_8,8,
rgbd+grasp-part,grasp_part,grasp-part,n2,6mm/5deg,6.0,5.0,pick,43,171,169,0.9883040935672515,2.7177604723676767,19.786637282014468,6.675087928770573,True,saved_rollouts_8,8,
rgbd+grasp-part,grasp_part,grasp-part,n2,6mm/5deg,6.0,5.0,place,30,133,111,0.8345864661654135,2.059688237882981,18.115124222422885,5.682713082367559,True,saved_rollouts_8,8,
rgbd+grasp-part,grasp_part,grasp-part,n2,6mm/5deg,6.0,5.0,insert,27,97,96,0.9896907216494846,1.7333834213353878,19.118540774479303,5.557091576231247,True,saved_rollouts_8,8,
rgbd+grasp-part,grasp_part,grasp-part,n2,6mm/5deg,6.0,5.0,screw,16,96,81,0.84375,3.916936082121075,27.76165127230699,9.469266336582473,True,saved_rollouts_8,8,
rgbd+grasp-part,grasp_part,grasp-part,n3,12mm/10deg,12.0,10.0,push,19,108,105,0.9722222222222222,6.583281907883514,53.343457617996464,17.251973431482806,True,saved_rollouts_8,8,
rgbd+grasp-part,grasp_part,grasp-part,n3,12mm/10deg,12.0,10.0,pick,37,175,171,0.9771428571428571,5.118350479255287,24.787666448767215,10.075883769008732,True,saved_rollouts_8,8,
rgbd+grasp-part,grasp_part,grasp-part,n3,12mm/10deg,12.0,10.0,place,26,134,111,0.8283582089552238,3.8810541101762137,40.40088601085063,11.961231312346339,True,saved_rollouts_8,8,
rgbd+grasp-part,grasp_part,grasp-part,n3,12mm/10deg,12.0,10.0,insert,20,106,104,0.9811320754716981,2.1746128711015795,20.370850184143837,6.248782907930347,True,saved_rollouts_8,8,
rgbd+grasp-part,grasp_part,grasp-part,n3,12mm/10deg,12.0,10.0,screw,10,104,93,0.8942307692307693,3.471748581303782,43.46186814343501,12.164122209990783,True,saved_rollouts_8,8,
rgbd+grasp-part,grasp_part,grasp-part,n4,24mm/20deg,24.0,20.0,push,17,108,105,0.9722222222222222,6.728360776769747,57.40405529378978,18.209171835527705,True,saved_rollouts_8,8,
rgbd+grasp-part,grasp_part,grasp-part,n4,24mm/20deg,24.0,20.0,pick,32,170,159,0.9352941176470588,6.0124137331238,40.74148357351187,14.160710447826172,True,saved_rollouts_8,8,
rgbd+grasp-part,grasp_part,grasp-part,n4,24mm/20deg,24.0,20.0,place,26,123,104,0.8455284552845529,4.947220238554525,45.70074096163907,14.08736843088234,True,saved_rollouts_8,8,
rgbd+grasp-part,grasp_part,grasp-part,n4,24mm/20deg,24.0,20.0,insert,18,98,97,0.9897959183673469,3.9596489714608927,37.53699467134273,11.467047905729437,True,saved_rollouts_8,8,
rgbd+grasp-part,grasp_part,grasp-part,n4,24mm/20deg,24.0,20.0,screw,7,97,84,0.865979381443299,5.666714149793804,33.27515429574721,12.321745008943244,True,saved_rollouts_8,8,
rgbd+grasp-part-colored,grasp_part_colored,grasp-part,n0,0mm/0deg,0.0,0.0,push,24,108,105,0.9722222222222222,6.618911205726484,54.68097964943478,17.55510713561344,True,saved_rollouts_8,8,
rgbd+grasp-part-colored,grasp_part_colored,grasp-part,shuffle,shuffled-guidance,0.0,0.0,push,108,108,107,0.9907407407407407,12.181312868256239,46.41002072852314,21.463317013960864,False,full_evaluator_36_pre_workspace_filter,36,workspace filtering unavailable
rgbd+grasp-part-colored,grasp_part_colored,grasp-part,n0,0mm/0deg,0.0,0.0,pick,41,172,165,0.9593023255813954,2.1080382063341268,19.366279772161107,5.981294160766348,True,saved_rollouts_8,8,
rgbd+grasp-part-colored,grasp_part_colored,grasp-part,shuffle,shuffled-guidance,0.0,0.0,pick,180,180,169,0.9388888888888889,20.64597591518853,76.4539515322737,35.93676622164328,False,full_evaluator_36_pre_workspace_filter,36,workspace filtering unavailable
rgbd+grasp-part-colored,grasp_part_colored,grasp-part,n0,0mm/0deg,0.0,0.0,place,27,129,102,0.7906976744186046,2.344986103914421,27.979186210175797,7.940823345949582,True,saved_rollouts_8,8,
rgbd+grasp-part-colored,grasp_part_colored,grasp-part,shuffle,shuffled-guidance,0.0,0.0,place,133,133,109,0.8195488721804511,13.254993734444017,47.76509469340278,22.808012673124576,False,full_evaluator_36_pre_workspace_filter,36,workspace filtering unavailable
rgbd+grasp-part-colored,grasp_part_colored,grasp-part,n0,0mm/0deg,0.0,0.0,insert,20,90,90,1.0,1.0970021549660596,14.075055712877623,3.9120132975415842,True,saved_rollouts_8,8,
rgbd+grasp-part-colored,grasp_part_colored,grasp-part,shuffle,shuffled-guidance,0.0,0.0,insert,96,96,95,0.9895833333333334,10.5616586099304,57.91361297632353,22.144381205195106,False,full_evaluator_36_pre_workspace_filter,36,workspace filtering unavailable
rgbd+grasp-part-colored,grasp_part_colored,grasp-part,n0,0mm/0deg,0.0,0.0,screw,12,90,80,0.8888888888888888,4.765195612143266,21.972723655700918,9.159740343283449,True,saved_rollouts_8,8,
rgbd+grasp-part-colored,grasp_part_colored,grasp-part,shuffle,shuffled-guidance,0.0,0.0,screw,95,95,87,0.9157894736842105,25.854416010226505,54.019689359048684,36.658353882036245,False,full_evaluator_36_pre_workspace_filter,36,workspace filtering unavailable
rgbd+grasp-part-colored,grasp_part_colored,grasp-part,n1,3mm/2.5deg,3.0,2.5,push,23,108,108,1.0,6.258162364986316,53.5834414633637,16.974850657659058,True,saved_rollouts_8,8,
rgbd+grasp-part-colored,grasp_part_colored,grasp-part,n1,3mm/2.5deg,3.0,2.5,pick,42,178,174,0.9775280898876404,1.925459945674702,19.502426342865498,5.825945214247802,True,saved_rollouts_8,8,
rgbd+grasp-part-colored,grasp_part_colored,grasp-part,n1,3mm/2.5deg,3.0,2.5,place,32,138,112,0.8115942028985508,2.9360072984363064,25.267891954920096,7.989585689420325,True,saved_rollouts_8,8,
rgbd+grasp-part-colored,grasp_part_colored,grasp-part,n1,3mm/2.5deg,3.0,2.5,insert,21,101,101,1.0,1.1064154240811748,10.900539610685414,3.2865233462182575,True,saved_rollouts_8,8,
rgbd+grasp-part-colored,grasp_part_colored,grasp-part,n1,3mm/2.5deg,3.0,2.5,screw,12,100,90,0.9,2.6058085115100176,38.04784139874606,10.21537679125923,True,saved_rollouts_8,8,
rgbd+grasp-part-colored,grasp_part_colored,grasp-part,n2,6mm/5deg,6.0,5.0,push,21,108,107,0.9907407407407407,6.641709735489377,56.554792165305884,17.952668168550552,True,saved_rollouts_8,8,
rgbd+grasp-part-colored,grasp_part_colored,grasp-part,n2,6mm/5deg,6.0,5.0,pick,37,178,167,0.9382022471910112,3.3206581633332495,25.770662944776078,8.474790752288465,True,saved_rollouts_8,8,
rgbd+grasp-part-colored,grasp_part_colored,grasp-part,n2,6mm/5deg,6.0,5.0,place,22,131,112,0.8549618320610687,2.7292860865815496,36.27058718467048,9.983403523515646,True,saved_rollouts_8,8,
rgbd+grasp-part-colored,grasp_part_colored,grasp-part,n2,6mm/5deg,6.0,5.0,insert,15,99,95,0.9595959595959596,1.4362852186259998,28.438340338729454,7.123953286371891,True,saved_rollouts_8,8,
rgbd+grasp-part-colored,grasp_part_colored,grasp-part,n2,6mm/5deg,6.0,5.0,screw,8,95,87,0.9157894736842105,5.487386354173515,50.418145200101364,15.571015394193786,True,saved_rollouts_8,8,
rgbd+grasp-part-colored,grasp_part_colored,grasp-part,n3,12mm/10deg,12.0,10.0,push,19,108,108,1.0,5.983108074213262,53.88235966135469,16.7595800064842,True,saved_rollouts_8,8,
rgbd+grasp-part-colored,grasp_part_colored,grasp-part,n3,12mm/10deg,12.0,10.0,pick,39,174,166,0.9540229885057471,3.655117344870762,30.451263942240132,9.745370133318787,True,saved_rollouts_8,8,
rgbd+grasp-part-colored,grasp_part_colored,grasp-part,n3,12mm/10deg,12.0,10.0,place,28,130,96,0.7384615384615385,4.096216236166246,40.75835891170011,12.247888018506268,True,saved_rollouts_8,8,
rgbd+grasp-part-colored,grasp_part_colored,grasp-part,n3,12mm/10deg,12.0,10.0,insert,17,89,86,0.9662921348314607,2.1881728574457338,21.58037238247924,6.504247333941581,True,saved_rollouts_8,8,
rgbd+grasp-part-colored,grasp_part_colored,grasp-part,n3,12mm/10deg,12.0,10.0,screw,10,86,77,0.8953488372093024,4.71737968460987,32.64490397729334,11.246360480068539,True,saved_rollouts_8,8,
rgbd+grasp-part-colored,grasp_part_colored,grasp-part,n4,24mm/20deg,24.0,20.0,push,17,108,107,0.9907407407407407,7.038226690232105,64.96184248207636,20.030595186647382,True,saved_rollouts_8,8,
rgbd+grasp-part-colored,grasp_part_colored,grasp-part,n4,24mm/20deg,24.0,20.0,pick,35,177,163,0.9209039548022598,4.478780592402753,41.264418360777896,12.731664264558333,True,saved_rollouts_8,8,
rgbd+grasp-part-colored,grasp_part_colored,grasp-part,n4,24mm/20deg,24.0,20.0,place,26,127,110,0.8661417322834646,4.8892426273450065,41.70732010607682,13.230706648560373,True,saved_rollouts_8,8,
rgbd+grasp-part-colored,grasp_part_colored,grasp-part,n4,24mm/20deg,24.0,20.0,insert,21,98,98,1.0,3.618595959927821,36.48763283275949,10.916122526479716,True,saved_rollouts_8,8,
rgbd+grasp-part-colored,grasp_part_colored,grasp-part,n4,24mm/20deg,24.0,20.0,screw,11,97,89,0.9175257731958762,7.216301763144416,45.53956496824735,16.324214756793882,True,saved_rollouts_8,8,
